{"up":{"white":0.7511039814,"black":0.9845054271,"red":0.9032507885,"blue":0.492696086},"down":{"white":0.1528052599,"black":0.6869523028,"red":0.9579965577,"blue":0.9271768582},"right":{"white":0.4850204993,"black":0.5006155812,"red":0.7164799571,"blue":0.7424783109},"left":{"white":0.5907018376,"black":0.3777421355,"red":0.5603695817,"blue":0.5157209801}}